id,name,category,emoji,current_image,image_url,notes
believe-in-aliens,להאמין בחייזרים,conspiracy,👽,,,
deep-state,דיפ סטייט,conspiracy,🕴️,,https://upload.wikimedia.org/wikipedia/commons/8/8b/Members_of_the_Warren_Commission_gathered_around_a_table.jpg?utm_source=commons.wikimedia.org&utm_campaign=index&utm_content=original,
flat-earth,תיאוריית הארץ השטוחה,conspiracy,🌍,,https://upload.wikimedia.org/wikipedia/commons/2/2f/Flat_earth.png?utm_source=commons.wikimedia.org&utm_campaign=index&utm_content=original,
moon-landing-hoax,תיאוריית זיוף הנחיתה על הירח,conspiracy,🌕,,https://upload.wikimedia.org/wikipedia/commons/e/ea/Apollo_11_Crew_During_Training_Exercise_-_GPN-2002-000032.jpg?utm_source=commons.wikimedia.org&utm_campaign=index&utm_content=original,
car-trade-in,טרייד־אין כל שנתיים,consumer,🚗,,https://upload.wikimedia.org/wikipedia/commons/6/6b/Used_car_dealership_in_Santiago%2C_Chile.jpg?utm_source=commons.wikimedia.org&utm_campaign=index&utm_content=original,
football-shirts,ללכת עם חולצות כדורגל,consumer,🎽,,https://upload.wikimedia.org/wikipedia/commons/7/71/Anarchist_demonstration_of_1st_May_2026_in_Paris_%E2%80%94_Durruti_36_football_shirt.jpg?utm_source=commons.wikimedia.org&utm_campaign=index&utm_content=original,
prefer-android,להעדיף אנדרואיד על אייפון,consumer,🤖,,https://upload.wikimedia.org/wikipedia/commons/b/b8/Galaxy_S26_series.jpg?utm_source=commons.wikimedia.org&utm_campaign=index&utm_content=original,
prefer-iphone,להעדיף אייפון על אנדרואיד,consumer,📱,,https://upload.wikimedia.org/wikipedia/commons/7/7f/IPhone_17_launch_at_Apple_TRX_Malaysia_77.jpg?utm_source=commons.wikimedia.org&utm_campaign=index&utm_content=original,
roladin,רולדין,consumer,🥐,,https://upload.wikimedia.org/wikipedia/commons/b/b0/Roladin_logo_B-01.jpg?utm_source=commons.wikimedia.org&utm_campaign=index&utm_content=original,
second-hand-clothes,בגדים יד שנייה,consumer,🧥,,https://freerangestock.com/sample/168748/young-woman-shopping-at-a-thrift-store.jpg,
shoresh-sandals,סנדלי שורש,consumer,🩴,,https://upload.wikimedia.org/wikipedia/commons/7/7e/SOURCE_Sandal.jpg?utm_source=commons.wikimedia.org&utm_campaign=index&utm_content=original,
billboard-proposal,הצעת נישואין עם שלט גדול,events,📣,,https://images.squarespace-cdn.com/content/v1/663e1f5ba13335005588d58d/07e26206-15f8-4acd-bacc-8f54396c5a76/IMG_5447Fs.jpg,
friday-night-party,מסיבה בשישי בערב,events,🪩,,https://europa.tips/wordpress/wp-content/uploads/Ibiza-1.webp,
friday-noon-wedding,חתונת שישי בצהריים,events,💍,,https://skylinetentcompany.com/wp-content/uploads/2025/05/15ae3502-dbbb-481a-9f03-45637474b75d.webp,
going-to-theatre,ללכת לתיאטרון,events,🎭,,https://upload.wikimedia.org/wikipedia/commons/3/38/Habima_Theatre_%28cropped%29.jpg?utm_source=commons.wikimedia.org&utm_campaign=index&utm_content=original,
black-coffee-glass,קפה שחור בכוס זכוכית,food,☕,,https://encrypted-tbn0.gstatic.com/images?q=tbn:ANd9GcSkZhLS53y3AZNFj36wOSje5NpyBejOpJ8hUfhzELYPGHK55wfeRMPiMhs&s=10,
borekas,בורקס,food,🥟,img/borekas-1786203351.webp,https://upload.wikimedia.org/wikipedia/commons/d/d1/Potato_bourekas.jpg?utm_source=commons.wikimedia.org&utm_campaign=index&utm_content=original,
corn-pizza,פיצה עם תירס,food,🌽,,https://encrypted-tbn0.gstatic.com/images?q=tbn:ANd9GcR8GBiEq1Qj6_Fx7pE01ov6iBYm-xYrHGKRuy1HhFuPKOgD6y2t-PIv1d4&s=10,
falafel-over-shawarma,להעדיף פלאפל על שווארמה,food,🧆,,https://upload.wikimedia.org/wikipedia/commons/a/a0/Israeli_Falafel_Flag_2.svg?utm_source=commons.wikimedia.org&utm_campaign=index&utm_content=original,
focaccia-everywhere,פוקצ׳ה בכל מסעדה,food,🥖,,https://upload.wikimedia.org/wikipedia/commons/b/bf/Focaccia_with_Crumb.jpg?utm_source=commons.wikimedia.org&utm_campaign=index&utm_content=original,
goldstar-beer,בירה גולדסטאר,food,🍺,,https://upload.wikimedia.org/wikipedia/he/2/2a/%D7%92%D7%95%D7%9C%D7%93%D7%A1%D7%98%D7%90%D7%A8.svg?utm_source=he.wikipedia.org&utm_campaign=index&utm_content=original,
homemade-kombucha,קומבוצ׳ה ביתית,food,🫙,,https://upload.wikimedia.org/wikipedia/commons/4/48/Kombucha_Mature.jpg?utm_source=commons.wikimedia.org&utm_campaign=index&utm_content=original,
park-bbq,מנגל בפארק הלאומי,food,🍖,,https://upload.wikimedia.org/wikipedia/commons/7/7f/PikiWiki_Israel_73884_bbq.jpg?utm_source=commons.wikimedia.org&utm_campaign=index&utm_content=original,
shawarma-over-falafel,להעדיף שווארמה על פלאפל,food,🌯,,https://upload.wikimedia.org/wikipedia/commons/0/00/Shawarma_2.jpg?utm_source=commons.wikimedia.org&utm_campaign=index&utm_content=original,
soy-milk-coffee,קפה עם חלב סויה,food,🥛,,https://upload.wikimedia.org/wikipedia/commons/6/69/Soymilk_coffee_art_flickr_user_avlxyz_2.jpg?utm_source=commons.wikimedia.org&utm_campaign=index&utm_content=original,
vegan-food,אוכל טבעוני,food,🥦,,,
catan,קטאן,games,🎲,,https://upload.wikimedia.org/wikipedia/commons/7/70/A_game_of_Settlers_of_Catan.jpg?utm_source=commons.wikimedia.org&utm_campaign=index&utm_content=original,
chess,שחמט,games,♟️,img/chess-1786203371.svg,https://upload.wikimedia.org/wikipedia/commons/6/6f/ChessSet.jpg?utm_source=commons.wikimedia.org&utm_campaign=index&utm_content=original,
lotto,למלא לוטו,games,🎰,,https://upload.wikimedia.org/wikipedia/commons/9/9b/New_israeli_lottery_ticket.JPG?utm_source=commons.wikimedia.org&utm_campaign=index&utm_content=original,
monopoly,מונופול,games,🎩,,https://upload.wikimedia.org/wikipedia/commons/7/78/Monopoly_board_on_white_bg.jpg?utm_source=commons.wikimedia.org&utm_campaign=index&utm_content=original,
poker,פוקר,games,🃏,img/poker-1786203371.webp,https://upload.wikimedia.org/wikipedia/commons/1/1a/Poker-Texas-Holdem-multiplayer.jpg?utm_source=commons.wikimedia.org&utm_campaign=index&utm_content=original,
winner-betting,למלא ווינר,games,🎯,,https://upload.wikimedia.org/wikipedia/he/4/42/Winner2012.png?utm_source=he.wikipedia.org&utm_campaign=index&utm_content=original,
covered-sofa,ספה עם כיסוי,home,🛋️,,https://live.staticflickr.com/3322/5714638413_4f40456bd0_b.jpg,
fridge-magnets,מלא מגנטים על המקרר,home,🧲,,https://upload.wikimedia.org/wikipedia/commons/6/60/Fridge_magnets_board.jpg?utm_source=commons.wikimedia.org&utm_campaign=index&utm_content=original,
home-sign,שלט HOME בכניסה לבית,home,🏠,,https://mashuhome.co.il/wp-content/uploads/2021/07/IMG_5036-scaled.jpg,
keter-chairs,כיסאות כתר בגינה,home,🪑,,https://upload.wikimedia.org/wikipedia/commons/a/a4/Tel_Aviv_Beach_at_the_Donaukanal_in_Vienna.jpg?utm_source=he.wikipedia.org&utm_campaign=imageinfo&utm_content=original,
kitchen-sign,שלט KITCHEN במטבח,home,🍳,,https://myletter.co.il/wp-content/uploads/2023/07/DSC_2135.jpg,
adopted-dog,כלב מעורב מאומץ,social,🐕,,https://upload.wikimedia.org/wikipedia/commons/c/c4/A_lovely_dog_sitting_on_floor.jpg?utm_source=commons.wikimedia.org&utm_campaign=index&utm_content=original,
anti-ai,להתנגד לשימוש בבינה מלאכותית,social,🧠,,https://quitgpt.org/images/logo.svg,
cats-over-dogs,להעדיף חתולים על כלבים,social,🐱,,,
dogs-over-cats,להעדיף כלבים על חתולים,social,🐶,,,
metal-music,מוזיקת מטאל,social,🤘,,https://upload.wikimedia.org/wikipedia/commons/a/a5/Metal_horns.JPG?utm_source=commons.wikimedia.org&utm_campaign=index&utm_content=original,
no-tip,לא להשאיר טיפ,social,🧾,,,
not-voting,לא להצביע בבחירות,social,🗳️,,,
pedigree-cat,חתול גזעי,social,🐈,,,
work-from-cafes,לעבוד מבתי קפה,social,💻,,https://i1.pickpik.com/photos/526/869/149/interior-workspace-workplace-computer-preview.jpg,
6am-workout,אימון כושר בשש בבוקר,sport,🏋️,,,
barcelona,ברצלונה,sport,🔵,,https://upload.wikimedia.org/wikipedia/en/4/47/FC_Barcelona_%28crest%29.svg?utm_source=en.wikipedia.org&utm_campaign=index&utm_content=original,
hapoel-beer-sheva,הפועל באר שבע,sport,🔴,,https://upload.wikimedia.org/wikipedia/en/8/85/Logo-hapoel-positive.svg?utm_source=en.wikipedia.org&utm_campaign=index&utm_content=original,
ice-skating,החלקה על הקרח,sport,⛸️,,,
maccabi-haifa,מכבי חיפה,sport,🟢,,https://upload.wikimedia.org/wikipedia/en/1/15/Maccabi_Haifa_FC_Logo_2023.png?utm_source=en.wikipedia.org&utm_campaign=index&utm_content=original,
maccabi-tel-aviv,מכבי תל אביב,sport,🟡,,https://upload.wikimedia.org/wikipedia/en/e/e9/Maccabi_Tel_Aviv.png?utm_source=en.wikipedia.org&utm_campaign=index&utm_content=original,
messi-over-ronaldo,להעדיף את מסי על רונאלדו,sport,🐐,,https://upload.wikimedia.org/wikipedia/commons/c/c8/Leo_Messi_Argentina_v_Egypt_7_July_2026-1.jpg?utm_source=commons.wikimedia.org&utm_campaign=index&utm_content=original,
psg,פריז סן-ז'רמן,sport,🗼,,https://upload.wikimedia.org/wikipedia/en/a/a7/Paris_Saint-Germain_F.C..svg?utm_source=en.wikipedia.org&utm_campaign=index&utm_content=original,
puccivelli,פוצ'יוולי,sport,🏐,,,
real-madrid,ריאל מדריד,sport,👑,,https://upload.wikimedia.org/wikipedia/en/5/56/Real_Madrid_CF.svg?utm_source=en.wikipedia.org&utm_campaign=index&utm_content=original,
rhythmic-gymnastics,התעמלות אומנותית,sport,🤸,,,
ronaldo-over-messi,להעדיף את רונאלדו על מסי,sport,⚽,,https://upload.wikimedia.org/wikipedia/commons/2/26/Cristiano_Ronaldo_Croatia_v_Portugal_2_July_2026-075_%28cropped%29.jpg?utm_source=commons.wikimedia.org&utm_campaign=index&utm_content=original,
stepup-competition,לנסות לנצח בסטפ־אפ,sport,👟,,https://play-lh.googleusercontent.com/KvHdgKaRySYgWHTImJ3kW1cLS7b4N46bgEM1rgSKWuNamDamdWLbdobtTRlCcgQlndy4Z9nBOe693G09fI5v,
sup-kinneret,סאפ בכנרת,sport,🏄,,https://cdn12.picryl.com/photo/2016/12/31/stand-up-paddle-sup-stand-up-paddling-e54b6e-1024.jpg,
berlin-vacation,חופשה בברלין,travel,✈️,,https://upload.wikimedia.org/wikipedia/commons/a/a6/Brandenburger_Tor_abends.jpg?utm_source=commons.wikimedia.org&utm_campaign=index&utm_content=original,
dubai-vacation,חופשה בדובאי,travel,🏙️,,https://upload.wikimedia.org/wikipedia/en/c/c7/Burj_Khalifa_2021.jpg?utm_source=en.wikipedia.org&utm_campaign=index&utm_content=original,
elal-only,לטוס רק עם אל על,travel,🛫,,https://upload.wikimedia.org/wikipedia/commons/9/90/4X-ELB_LLBG_22-11-2013-2.jpg?utm_source=commons.wikimedia.org&utm_campaign=index&utm_content=original,
zimmer-jacuzzi,צימר עם ג׳קוזי,travel,🛁,,,
big-brother,האח הגדול,tv,📺,,https://upload.wikimedia.org/wikipedia/he/b/ba/Ahgadol.svg?utm_source=he.wikipedia.org&utm_campaign=index&utm_content=original,
pay-for-big-brother,לשלם לערוץ האח הגדול,tv,💳,,https://media3.reshet.tv/image/upload/t_grid-item-large/vlcsnap-5930-10-04-22h50m20s948_kccmqm_dzugrt.webp,
spongebob,בובספוג,tv,🧽,,https://upload.wikimedia.org/wikipedia/commons/a/a2/SpongeBob_character.svg?utm_source=commons.wikimedia.org&utm_campaign=index&utm_content=original,
sport-channel,ערוץ הספורט,tv,📡,,https://upload.wikimedia.org/wikipedia/he/5/52/Sport5_Logo.svg?utm_source=he.wikipedia.org&utm_campaign=index&utm_content=original,
the-voice,דה וויס,tv,🎤,,https://upload.wikimedia.org/wikipedia/he/3/35/Voice_israel-removebg-preview.png?utm_source=he.wikipedia.org&utm_campaign=index&utm_content=original,
